cpse,matnr,maktx,long_text,meins,mfr,mpn,last_po_price,annual_qty,characteristics
DEMO_A,10004101,"FLANGE WN 2"" CL150 RF SCH40 A105",,EA,,,1180,240,
DEMO_B,M-20417,"WELD NECK FLG, NPS 2, 150#, RF, S40, ASTM A105",,EA,,,1235,180,
DEMO_C,4500-310,"Flange, Weld Neck, NPS 2, Class 150, RF, SCH 40, ASTM A105",,NOS,,,1160,300,
DEMO_A,10004102,"FLANGE WN 4"" 300# RF SCH80 A350 LF2",,EA,,,3480,60,
DEMO_B,M-20418,WELD NECK FLANGE NPS 4 CL300 RF S80 ASTM A350 LF2 AS PER SPEC,,EA,,,3620,40,
DEMO_A,10004103,"SLIP ON FLANGE 3"" CL150 RF SS316L",,EA,,,940,120,
DEMO_B,M-20419,SO FLG 80MM 150 LB RF SS316L,,EA,,,985,90,
DEMO_C,4500-312,"Flange, Slip On, NPS 3, Class 150, RF, SS316L",,NOS,,,925,150,
DEMO_A,10004104,STUD BOLT M16 X 100MM ASTM A193 B7,,EA,,,38,5000,
DEMO_B,M-20420,BOLT STUD M16X100 A193-B7,,EA,,,41,3500,
DEMO_C,4500-313,"Bolt, Stud, M16 x 100 mm, ASTM A193 B7",,NOS,,,36,6000,
DEMO_A,10004105,HEX BOLT M20 X 80MM PC 8.8,,EA,,,22,8000,
DEMO_B,M-20421,"Bolt, Hex, M20 x 80 mm, Property Class 8.8",,EA,,,24,6000,
DEMO_C,4500-314,BOLT HEX M20 X 80MM GR 10.9,,NOS,,,31,2000,
DEMO_A,10004106,PIPE SMLS NPS 2 STD A106 GR B,,M,,,410,900,
DEMO_B,M-20422,"PIPE SEAMLESS 2"" SCH40 ASTM A106 B",,MTR,,,395,1200,
DEMO_C,4500-315,"Pipe, Seamless, NPS 2, Sch 40, ASTM A106 Gr B",,M,,,402,800,
DEMO_A,10004206,PIPE SMLS NPS 12 STD A106 GR B,,M,,,3100,200,
DEMO_B,M-20522,"PIPE SEAMLESS 12"" SCH40 ASTM A106 B",,MTR,,,3350,150,
DEMO_A,10004207,"PIPE ERW 3"" SCH40 A53 GR B",,M,,,520,700,
DEMO_B,M-20523,ERW PIPE NPS 3 SCH 40 ASTM A53 GR B,,MTR,,,505,650,
DEMO_C,4500-316,"Pipe, ERW, NPS 3, SCH40, A53 Gr B",,M,,,515,500,
DEMO_A,10004107,VALVE GATE 2IN 150# CS FLGD,,EA,,,,,
DEMO_B,M-20427,GATE VLV 50MM CL150 A216 WCB FLANGED END,,EA,,,,,
DEMO_C,4500-317,"Valve, Gate, NPS 2, Class 150, Carbon Steel, RF",,EA,,,,,
DEMO_A,10004108,VALVE GATE 2IN 300# A216 WCB FLGD,,EA,,,,,
DEMO_C,4500-318,"Valve, Gate, NPS 2, Class 300, ASTM A216 WCB, Flanged",,EA,,,,,
DEMO_C,4500-319,"Valve, Gate, NPS 2, Class 150, ASTM A105, Flanged",,NOS,,,,,
DEMO_A,10004109,BALL VLV 1IN CL300 SS316 NACE FLGD,,EA,,,,,
DEMO_B,M-20429,"BALL VALVE 1"" 300# SS316 FLANGED",,EA,,,,,
DEMO_C,4500-320,GATE VALVE 4IN CL150 ASTM A216 WCB FLANGED,,NOS,L&T,GV-150-4-WCB,,,
DEMO_B,M-20430,GATE VLV 100MM,,EA,LARSEN & TOUBRO,GV 150 4 WCB,,,
DEMO_A,10004110,GATE VALVE 4IN CL150 A216 WCB FLANGED,,EA,L&T,GV-150-4-WCB-F,,,
DEMO_A,10004111,BALL VALVE 3IN CL300 SS316,,EA,,,,,
DEMO_C,4500-321,"Valve, Ball, NPS 3, Class 300, SS316, Flanged",,NOS,,,,,
DEMO_A,10004112,"FLANGE WN 6"" CL150 RF SCH40 A105",,EA,,,1890,70,
DEMO_A,10004612,WELD NECK FLANGE 6IN 150# RF SCH 40 A105,,EA,,,1910,30,
DEMO_A,10004113,"FLANGE WN 8"" CL150 RF SCH40 A105",,EA,,,2480,40,
DEMO_C,4500-323,"Flange, Weld Neck, NPS 8, Class 150, RF, SCH 40, ASTM A105, GALVANISED",,NOS,,,2790,20,
DEMO_A,10004114,HEX NUT M16 ASTM A194 2H,,EA,,,,,
DEMO_B,M-20434,NUT HEX M16 A194 GR 2H,,EA,,,,,
DEMO_A,10004115,CENTRIFUGAL PUMP 50 M3H 30M HEAD,,EA,,,,,
DEMO_B,M-20435,"Pump, Centrifugal, 50 m3/h, 30 m head",,EA,,,,,
DEMO_C,4500-325,PRESSURE TRANSMITTER 0-10 BAR 4-20MA,,EA,,,,,
DEMO_A,10004116,"Transmitter, Pressure, 0 to 10 bar, 4-20 mA",,EA,,,,,
DEMO_A,10004117,"BLIND FLANGE 10"" CL150 RF A105",,EA,,,,,
DEMO_C,4500-326,GLOBE VALVE 2IN CL600 A105 BUTTWELD,,EA,,,,,
